{
    "Orders": [
        {
            "Order": {
                "Number": 354938,
                "CloseDate": "2020-02-12T00:00:00"
            },
            "Customer": {
                "Contact": "LGI Homes – Oregon LLC, an Oregon limited liability company"
            }
        },
        {
            "Order": {
                "Number": 1649345,
                "CloseDate": "2021-08-26T00:00:00"
            },
            "Customer": {
                "Contact": "Elise Ma",
                "Company": "AAA Capital Investment, Inc."
            }
        }
    ]
}